Time,lhl,lhm,lvl,lrf,lgl,lgm,lta
0,6.84E-01,8.48E-01,8.55E-01,8.57E-01,0.00E+00,0.00E+00,8.64E-01
1,7.61E-01,9.39E-01,9.44E-01,9.46E-01,0.00E+00,0.00E+00,9.50E-01
2,8.07E-01,9.91E-01,9.94E-01,9.95E-01,0.00E+00,0.00E+00,9.97E-01
3,8.16E-01,1.00E+00,1.00E+00,1.00E+00,0.00E+00,0.00E+00,1.00E+00
4,7.89E-01,9.66E-01,9.62E-01,9.60E-01,0.00E+00,0.00E+00,9.58E-01
5,7.30E-01,8.95E-01,8.84E-01,8.81E-01,0.00E+00,0.00E+00,8.77E-01
6,6.46E-01,7.93E-01,7.75E-01,7.68E-01,0.00E+00,0.00E+00,7.62E-01
7,5.45E-01,6.71E-01,6.43E-01,6.34E-01,0.00E+00,0.00E+00,6.24E-01
8,4.38E-01,5.40E-01,5.02E-01,4.88E-01,0.00E+00,0.00E+00,4.75E-01
9,3.34E-01,4.12E-01,3.61E-01,3.43E-01,0.00E+00,0.00E+00,3.25E-01
10,2.40E-01,2.96E-01,2.30E-01,2.07E-01,0.00E+00,0.00E+00,1.83E-01
11,1.63E-01,1.99E-01,1.17E-01,8.87E-02,0.00E+00,0.00E+00,5.75E-02
12,1.05E-01,1.24E-01,2.58E-02,0.00E+00,0.00E+00,0.00E+00,0.00E+00
13,6.83E-02,7.29E-02,0.00E+00,0.00E+00,1.85E-02,1.85E-02,0.00E+00
14,5.00E-02,4.44E-02,0.00E+00,0.00E+00,5.07E-02,5.07E-02,0.00E+00
15,4.87E-02,3.62E-02,0.00E+00,0.00E+00,8.19E-02,8.19E-02,0.00E+00
16,6.04E-02,4.41E-02,0.00E+00,0.00E+00,1.11E-01,1.11E-01,0.00E+00
17,7.98E-02,6.17E-02,0.00E+00,0.00E+00,1.37E-01,1.37E-01,0.00E+00
18,1.03E-01,8.42E-02,0.00E+00,0.00E+00,1.59E-01,1.59E-01,0.00E+00
19,1.27E-01,1.09E-01,0.00E+00,0.00E+00,1.78E-01,1.78E-01,0.00E+00
20,1.48E-01,1.31E-01,0.00E+00,0.00E+00,1.93E-01,1.93E-01,0.00E+00
21,1.66E-01,1.50E-01,0.00E+00,0.00E+00,2.06E-01,2.06E-01,0.00E+00
22,1.81E-01,1.65E-01,0.00E+00,0.00E+00,2.16E-01,2.16E-01,0.00E+00
23,1.93E-01,1.78E-01,0.00E+00,0.00E+00,2.24E-01,2.24E-01,0.00E+00
24,2.04E-01,1.89E-01,0.00E+00,0.00E+00,2.32E-01,2.32E-01,0.00E+00
25,2.14E-01,2.00E-01,0.00E+00,0.00E+00,2.40E-01,2.40E-01,0.00E+00
26,2.26E-01,2.11E-01,0.00E+00,0.00E+00,2.50E-01,2.50E-01,0.00E+00
27,2.39E-01,2.25E-01,3.99E-04,0.00E+00,2.62E-01,2.62E-01,0.00E+00
28,2.56E-01,2.42E-01,1.07E-02,0.00E+00,2.78E-01,2.78E-01,0.00E+00
29,2.78E-01,2.64E-01,2.37E-02,0.00E+00,2.99E-01,2.99E-01,0.00E+00
30,3.07E-01,2.92E-01,4.00E-02,0.00E+00,3.26E-01,3.26E-01,0.00E+00
31,3.42E-01,3.27E-01,6.00E-02,0.00E+00,3.59E-01,3.59E-01,0.00E+00
32,3.84E-01,3.68E-01,8.37E-02,0.00E+00,4.00E-01,4.00E-01,0.00E+00
33,4.32E-01,4.16E-01,1.11E-01,4.90E-03,4.47E-01,4.47E-01,0.00E+00
34,4.87E-01,4.70E-01,1.42E-01,2.75E-02,5.00E-01,5.00E-01,0.00E+00
35,5.48E-01,5.30E-01,1.76E-01,5.24E-02,5.59E-01,5.59E-01,0.00E+00
36,6.13E-01,5.94E-01,2.12E-01,7.93E-02,6.22E-01,6.22E-01,0.00E+00
37,6.80E-01,6.60E-01,2.50E-01,1.07E-01,6.87E-01,6.87E-01,0.00E+00
38,7.48E-01,7.27E-01,2.88E-01,1.36E-01,7.53E-01,7.53E-01,0.00E+00
39,8.14E-01,7.92E-01,3.26E-01,1.64E-01,8.16E-01,8.16E-01,0.00E+00
40,8.74E-01,8.52E-01,3.60E-01,1.89E-01,8.74E-01,8.74E-01,0.00E+00
41,9.25E-01,9.03E-01,3.89E-01,2.10E-01,9.24E-01,9.24E-01,0.00E+00
42,9.65E-01,9.41E-01,4.11E-01,2.26E-01,9.63E-01,9.63E-01,0.00E+00
43,9.90E-01,9.66E-01,4.24E-01,2.36E-01,9.89E-01,9.89E-01,0.00E+00
44,1.00E+00,9.75E-01,4.28E-01,2.38E-01,1.00E+00,1.00E+00,0.00E+00
45,9.92E-01,9.67E-01,4.22E-01,2.32E-01,9.95E-01,9.95E-01,0.00E+00
46,9.66E-01,9.41E-01,4.05E-01,2.19E-01,9.73E-01,9.73E-01,0.00E+00
47,9.22E-01,8.96E-01,3.77E-01,1.97E-01,9.34E-01,9.34E-01,0.00E+00
48,8.60E-01,8.34E-01,3.39E-01,1.67E-01,8.79E-01,8.79E-01,0.00E+00
49,7.82E-01,7.57E-01,2.92E-01,1.31E-01,8.09E-01,8.09E-01,0.00E+00
50,6.93E-01,6.67E-01,2.39E-01,9.01E-02,7.26E-01,7.26E-01,0.00E+00
51,5.95E-01,5.70E-01,1.82E-01,4.68E-02,6.34E-01,6.34E-01,0.00E+00
52,4.92E-01,4.69E-01,1.23E-01,3.26E-03,5.36E-01,5.36E-01,0.00E+00
53,3.90E-01,3.68E-01,6.70E-02,0.00E+00,4.35E-01,4.35E-01,0.00E+00
54,2.93E-01,2.73E-01,1.56E-02,0.00E+00,3.36E-01,3.36E-01,0.00E+00
55,2.05E-01,1.88E-01,0.00E+00,0.00E+00,2.40E-01,2.40E-01,0.00E+00
56,1.30E-01,1.18E-01,0.00E+00,0.00E+00,1.52E-01,1.52E-01,0.00E+00
57,7.08E-02,6.45E-02,0.00E+00,0.00E+00,7.24E-02,7.24E-02,0.00E+00
58,3.00E-02,3.05E-02,0.00E+00,0.00E+00,3.44E-03,3.44E-03,0.00E+00
59,8.07E-03,1.66E-02,0.00E+00,0.00E+00,0.00E+00,0.00E+00,0.00E+00
60,3.96E-03,2.15E-02,0.00E+00,0.00E+00,0.00E+00,0.00E+00,0.00E+00
61,1.59E-02,4.33E-02,1.08E-03,0.00E+00,0.00E+00,0.00E+00,0.00E+00
62,4.11E-02,7.88E-02,5.01E-02,4.01E-02,0.00E+00,0.00E+00,4.30E-02
63,7.61E-02,1.24E-01,1.05E-01,9.89E-02,0.00E+00,0.00E+00,1.07E-01
64,1.17E-01,1.75E-01,1.63E-01,1.59E-01,0.00E+00,0.00E+00,1.70E-01
65,1.60E-01,2.27E-01,2.20E-01,2.17E-01,0.00E+00,0.00E+00,2.29E-01
66,2.01E-01,2.77E-01,2.71E-01,2.69E-01,0.00E+00,0.00E+00,2.82E-01
67,2.37E-01,3.19E-01,3.15E-01,3.13E-01,0.00E+00,0.00E+00,3.26E-01
68,2.65E-01,3.53E-01,3.49E-01,3.47E-01,0.00E+00,0.00E+00,3.59E-01
69,2.86E-01,3.77E-01,3.72E-01,3.71E-01,0.00E+00,0.00E+00,3.82E-01
70,2.99E-01,3.91E-01,3.87E-01,3.85E-01,0.00E+00,0.00E+00,3.95E-01
71,3.04E-01,3.98E-01,3.93E-01,3.91E-01,0.00E+00,0.00E+00,4.01E-01
72,3.05E-01,3.98E-01,3.93E-01,3.91E-01,0.00E+00,0.00E+00,4.01E-01
73,3.01E-01,3.95E-01,3.89E-01,3.87E-01,0.00E+00,0.00E+00,3.97E-01
74,2.95E-01,3.88E-01,3.82E-01,3.81E-01,0.00E+00,0.00E+00,3.91E-01
75,2.87E-01,3.78E-01,3.72E-01,3.71E-01,0.00E+00,0.00E+00,3.81E-01
76,2.76E-01,3.64E-01,3.59E-01,3.57E-01,0.00E+00,0.00E+00,3.68E-01
77,2.60E-01,3.46E-01,3.41E-01,3.39E-01,0.00E+00,0.00E+00,3.50E-01
78,2.39E-01,3.21E-01,3.15E-01,3.13E-01,0.00E+00,0.00E+00,3.24E-01
79,2.09E-01,2.85E-01,2.79E-01,2.77E-01,0.00E+00,0.00E+00,2.89E-01
80,1.70E-01,2.39E-01,2.33E-01,2.31E-01,0.00E+00,0.00E+00,2.44E-01
81,1.21E-01,1.83E-01,1.77E-01,1.75E-01,0.00E+00,0.00E+00,1.89E-01
82,6.59E-02,1.18E-01,1.12E-01,1.10E-01,0.00E+00,0.00E+00,1.25E-01
83,5.72E-03,4.74E-02,4.15E-02,3.94E-02,0.00E+00,0.00E+00,5.66E-02
84,0.00E+00,0.00E+00,0.00E+00,0.00E+00,0.00E+00,0.00E+00,0.00E+00
85,0.00E+00,0.00E+00,0.00E+00,0.00E+00,0.00E+00,0.00E+00,0.00E+00
86,0.00E+00,0.00E+00,0.00E+00,0.00E+00,0.00E+00,0.00E+00,0.00E+00
87,0.00E+00,0.00E+00,0.00E+00,0.00E+00,0.00E+00,0.00E+00,0.00E+00
88,0.00E+00,0.00E+00,0.00E+00,0.00E+00,0.00E+00,0.00E+00,0.00E+00
89,0.00E+00,0.00E+00,0.00E+00,0.00E+00,0.00E+00,0.00E+00,0.00E+00
90,0.00E+00,0.00E+00,0.00E+00,0.00E+00,0.00E+00,0.00E+00,0.00E+00
91,0.00E+00,0.00E+00,0.00E+00,0.00E+00,0.00E+00,0.00E+00,0.00E+00
92,0.00E+00,0.00E+00,0.00E+00,0.00E+00,0.00E+00,0.00E+00,0.00E+00
93,0.00E+00,0.00E+00,0.00E+00,0.00E+00,0.00E+00,0.00E+00,0.00E+00
94,0.00E+00,1.93E-02,2.53E-02,2.74E-02,0.00E+00,0.00E+00,5.23E-02
95,8.26E-02,1.43E-01,1.50E-01,1.53E-01,0.00E+00,0.00E+00,1.75E-01
96,2.02E-01,2.84E-01,2.92E-01,2.94E-01,0.00E+00,0.00E+00,3.15E-01
97,3.31E-01,4.35E-01,4.43E-01,4.46E-01,0.00E+00,0.00E+00,4.64E-01
98,4.61E-01,5.88E-01,5.97E-01,6.00E-01,0.00E+00,0.00E+00,6.14E-01
99,5.85E-01,7.33E-01,7.41E-01,7.44E-01,0.00E+00,0.00E+00,7.55E-01
100,6.92E-01,8.58E-01,8.66E-01,8.69E-01,0.00E+00,0.00E+00,8.77E-01
